{
    "new_embodiment": {
        "statistics": {
            "state": {
                "robot1_arm": {
                    "max": [
                        -3.4876511096954346,
                        -0.0387086421251297,
                        2.5541961193084717,
                        -1.6541658639907837,
                        -0.7746680378913879,
                        0.45830047130584717
                    ],
                    "min": [
                        -4.43927001953125,
                        -1.4282987117767334,
                        0.8356125950813293,
                        -2.816566228866577,
                        -1.364313006401062,
                        -2.233604669570923
                    ],
                    "mean": [
                        -4.038728060989591,
                        -0.9645647048298576,
                        2.0935376874613802,
                        -2.1219541412797156,
                        -1.0769196227249054,
                        -1.0406410466775686
                    ],
                    "std": [
                        0.1839651588611966,
                        0.28875038728230557,
                        0.351919161465219,
                        0.18177830258622393,
                        0.11031422690775446,
                        0.3798742260696687
                    ],
                    "q01": [
                        -4.429040470123291,
                        -1.333203673362732,
                        0.8361113476753235,
                        -2.684654951095581,
                        -1.3642872667312622,
                        -2.13093638420105
                    ],
                    "q99": [
                        -3.5423049926757812,
                        -0.039004388451576236,
                        2.4664320945739746,
                        -1.6628852128982543,
                        -0.7749447560310364,
                        0.3346739840507507
                    ]
                },
                "robot1_gripper": {
                    "max": [
                        0.6000000238418579
                    ],
                    "min": [
                        0.011764699593186378
                    ],
                    "mean": [
                        0.12453374677024302
                    ],
                    "std": [
                        0.2211483899286183
                    ],
                    "q01": [
                        0.011764699593186378
                    ],
                    "q99": [
                        0.6000000238418579
                    ]
                },
                "robot2_arm": {
                    "max": [
                        -1.924599528312683,
                        -1.6036988496780396,
                        -0.8391786217689514,
                        -0.34339746832847595,
                        1.2688450813293457,
                        2.62888765335083
                    ],
                    "min": [
                        -2.868849992752075,
                        -3.068929433822632,
                        -2.577157497406006,
                        -1.605918049812317,
                        0.5662558078765869,
                        -0.43424683809280396
                    ],
                    "mean": [
                        -2.304270474252824,
                        -2.2023457420114956,
                        -2.01143317885901,
                        -1.1041473494676468,
                        1.018194146516126,
                        0.993014288992701
                    ],
                    "std": [
                        0.15208307542454058,
                        0.22122193551424407,
                        0.27855346291602634,
                        0.19673213687630467,
                        0.10730986607351975,
                        0.3409527488374829
                    ],
                    "q01": [
                        -2.8045804500579834,
                        -2.9448246145248413,
                        -2.48891544342041,
                        -1.6050771188735962,
                        0.655982141494751,
                        -0.10862333327531815
                    ],
                    "q99": [
                        -1.9326871824264527,
                        -1.6037939405441284,
                        -0.9458363753557204,
                        -0.35358497500419617,
                        1.2687402963638306,
                        2.2858083248138428
                    ]
                },
                "robot2_gripper": {
                    "max": [
                        0.6000000238418579
                    ],
                    "min": [
                        0.011764699593186378
                    ],
                    "mean": [
                        0.0955001657605045
                    ],
                    "std": [
                        0.19789315034357285
                    ],
                    "q01": [
                        0.011764699593186378
                    ],
                    "q99": [
                        0.5960784554481506
                    ]
                }
            },
            "action": {
                "robot1_arm": {
                    "max": [
                        -3.4807374477386475,
                        -0.0387086421251297,
                        2.5568418502807617,
                        -1.6541658639907837,
                        -0.762310802936554,
                        0.46420371532440186
                    ],
                    "min": [
                        -4.439721584320068,
                        -1.4254519939422607,
                        0.8356125950813293,
                        -2.8069450855255127,
                        -1.364313006401062,
                        -2.2392280101776123
                    ],
                    "mean": [
                        -4.0391032805871845,
                        -0.9638017293877505,
                        2.093309123586788,
                        -2.123485325456235,
                        -1.0768478997772621,
                        -1.0399575758735706
                    ],
                    "std": [
                        0.18420755234248234,
                        0.28734892004317286,
                        0.35275880417304994,
                        0.17914991976387,
                        0.11422923757374173,
                        0.3783861340982179
                    ],
                    "q01": [
                        -4.429040470123291,
                        -1.330990195274353,
                        0.8361113476753235,
                        -2.684654951095581,
                        -1.3642872667312622,
                        -2.125732183456421
                    ],
                    "q99": [
                        -3.542764663696289,
                        -0.039004388451576236,
                        2.4684882164001465,
                        -1.6628852128982543,
                        -0.7749447560310364,
                        0.3346739840507507
                    ]
                },
                "robot1_gripper": {
                    "max": [
                        0.917168378829956
                    ],
                    "min": [
                        0.000527108262758702
                    ],
                    "mean": [
                        0.1523126552092554
                    ],
                    "std": [
                        0.30809514399636645
                    ],
                    "q01": [
                        0.001054216525517404
                    ],
                    "q99": [
                        0.9134786128997803
                    ]
                },